--
-- PostgreSQL database dump
--

-- Dumped from database version 13.2 (Debian 13.2-1.pgdg100+1)
-- Dumped by pg_dump version 13.2 (Debian 13.2-1.pgdg100+1)

SET statement_timeout = 0;
SET lock_timeout = 0;
SET idle_in_transaction_session_timeout = 0;
SET client_encoding = 'UTF8';
SET standard_conforming_strings = on;
SELECT pg_catalog.set_config('search_path', '', false);
SET check_function_bodies = false;
SET xmloption = content;
SET client_min_messages = warning;
SET row_security = off;

SET default_tablespace = '';

SET default_table_access_method = heap;

--
-- Name: api_address; Type: TABLE; Schema: public; Owner: postgresuser
--

CREATE TABLE public.api_address (
    id integer NOT NULL,
    address character varying(50),
    locality character varying(20),
    city character varying(30),
    type_of_address character varying(20) NOT NULL,
    user_id integer NOT NULL
);


ALTER TABLE public.api_address OWNER TO postgresuser;

--
-- Name: api_address_id_seq; Type: SEQUENCE; Schema: public; Owner: postgresuser
--

CREATE SEQUENCE public.api_address_id_seq
    AS integer
    START WITH 1
    INCREMENT BY 1
    NO MINVALUE
    NO MAXVALUE
    CACHE 1;


ALTER TABLE public.api_address_id_seq OWNER TO postgresuser;

--
-- Name: api_address_id_seq; Type: SEQUENCE OWNED BY; Schema: public; Owner: postgresuser
--

ALTER SEQUENCE public.api_address_id_seq OWNED BY public.api_address.id;


--
-- Name: api_homebanner; Type: TABLE; Schema: public; Owner: postgresuser
--

CREATE TABLE public.api_homebanner (
    id integer NOT NULL,
    image character varying(100) NOT NULL
);


ALTER TABLE public.api_homebanner OWNER TO postgresuser;

--
-- Name: api_banner_id_seq; Type: SEQUENCE; Schema: public; Owner: postgresuser
--

CREATE SEQUENCE public.api_banner_id_seq
    AS integer
    START WITH 1
    INCREMENT BY 1
    NO MINVALUE
    NO MAXVALUE
    CACHE 1;


ALTER TABLE public.api_banner_id_seq OWNER TO postgresuser;

--
-- Name: api_banner_id_seq; Type: SEQUENCE OWNED BY; Schema: public; Owner: postgresuser
--

ALTER SEQUENCE public.api_banner_id_seq OWNED BY public.api_homebanner.id;


--
-- Name: api_cart; Type: TABLE; Schema: public; Owner: postgresuser
--

CREATE TABLE public.api_cart (
    id integer NOT NULL,
    ordereditem character varying(200) NOT NULL,
    price integer NOT NULL,
    user_id integer NOT NULL,
    ordereddate date NOT NULL,
    orderedtime time without time zone NOT NULL
);


ALTER TABLE public.api_cart OWNER TO postgresuser;

--
-- Name: api_cart_id_seq; Type: SEQUENCE; Schema: public; Owner: postgresuser
--

CREATE SEQUENCE public.api_cart_id_seq
    AS integer
    START WITH 1
    INCREMENT BY 1
    NO MINVALUE
    NO MAXVALUE
    CACHE 1;


ALTER TABLE public.api_cart_id_seq OWNER TO postgresuser;

--
-- Name: api_cart_id_seq; Type: SEQUENCE OWNED BY; Schema: public; Owner: postgresuser
--

ALTER SEQUENCE public.api_cart_id_seq OWNED BY public.api_cart.id;


--
-- Name: api_customusermodel; Type: TABLE; Schema: public; Owner: postgresuser
--

CREATE TABLE public.api_customusermodel (
    id integer NOT NULL,
    password character varying(128) NOT NULL,
    last_login timestamp with time zone,
    is_superuser boolean NOT NULL,
    email character varying(255),
    name character varying(255),
    phone character varying(10) NOT NULL,
    key character varying(100) NOT NULL,
    is_active boolean NOT NULL,
    is_staff boolean NOT NULL,
    selected_option character varying(50),
    image character varying(100)
);


ALTER TABLE public.api_customusermodel OWNER TO postgresuser;

--
-- Name: api_customusermodel_groups; Type: TABLE; Schema: public; Owner: postgresuser
--

CREATE TABLE public.api_customusermodel_groups (
    id integer NOT NULL,
    customusermodel_id integer NOT NULL,
    group_id integer NOT NULL
);


ALTER TABLE public.api_customusermodel_groups OWNER TO postgresuser;

--
-- Name: api_customusermodel_groups_id_seq; Type: SEQUENCE; Schema: public; Owner: postgresuser
--

CREATE SEQUENCE public.api_customusermodel_groups_id_seq
    AS integer
    START WITH 1
    INCREMENT BY 1
    NO MINVALUE
    NO MAXVALUE
    CACHE 1;


ALTER TABLE public.api_customusermodel_groups_id_seq OWNER TO postgresuser;

--
-- Name: api_customusermodel_groups_id_seq; Type: SEQUENCE OWNED BY; Schema: public; Owner: postgresuser
--

ALTER SEQUENCE public.api_customusermodel_groups_id_seq OWNED BY public.api_customusermodel_groups.id;


--
-- Name: api_customusermodel_id_seq; Type: SEQUENCE; Schema: public; Owner: postgresuser
--

CREATE SEQUENCE public.api_customusermodel_id_seq
    AS integer
    START WITH 1
    INCREMENT BY 1
    NO MINVALUE
    NO MAXVALUE
    CACHE 1;


ALTER TABLE public.api_customusermodel_id_seq OWNER TO postgresuser;

--
-- Name: api_customusermodel_id_seq; Type: SEQUENCE OWNED BY; Schema: public; Owner: postgresuser
--

ALTER SEQUENCE public.api_customusermodel_id_seq OWNED BY public.api_customusermodel.id;


--
-- Name: api_customusermodel_user_permissions; Type: TABLE; Schema: public; Owner: postgresuser
--

CREATE TABLE public.api_customusermodel_user_permissions (
    id integer NOT NULL,
    customusermodel_id integer NOT NULL,
    permission_id integer NOT NULL
);


ALTER TABLE public.api_customusermodel_user_permissions OWNER TO postgresuser;

--
-- Name: api_customusermodel_user_permissions_id_seq; Type: SEQUENCE; Schema: public; Owner: postgresuser
--

CREATE SEQUENCE public.api_customusermodel_user_permissions_id_seq
    AS integer
    START WITH 1
    INCREMENT BY 1
    NO MINVALUE
    NO MAXVALUE
    CACHE 1;


ALTER TABLE public.api_customusermodel_user_permissions_id_seq OWNER TO postgresuser;

--
-- Name: api_customusermodel_user_permissions_id_seq; Type: SEQUENCE OWNED BY; Schema: public; Owner: postgresuser
--

ALTER SEQUENCE public.api_customusermodel_user_permissions_id_seq OWNED BY public.api_customusermodel_user_permissions.id;


--
-- Name: api_deliveryaddressid; Type: TABLE; Schema: public; Owner: postgresuser
--

CREATE TABLE public.api_deliveryaddressid (
    id integer NOT NULL,
    address_id integer NOT NULL,
    user_id integer NOT NULL
);


ALTER TABLE public.api_deliveryaddressid OWNER TO postgresuser;

--
-- Name: api_deliveryaddressid_id_seq; Type: SEQUENCE; Schema: public; Owner: postgresuser
--

CREATE SEQUENCE public.api_deliveryaddressid_id_seq
    AS integer
    START WITH 1
    INCREMENT BY 1
    NO MINVALUE
    NO MAXVALUE
    CACHE 1;


ALTER TABLE public.api_deliveryaddressid_id_seq OWNER TO postgresuser;

--
-- Name: api_deliveryaddressid_id_seq; Type: SEQUENCE OWNED BY; Schema: public; Owner: postgresuser
--

ALTER SEQUENCE public.api_deliveryaddressid_id_seq OWNED BY public.api_deliveryaddressid.id;


--
-- Name: api_detailsimage; Type: TABLE; Schema: public; Owner: postgresuser
--

CREATE TABLE public.api_detailsimage (
    id integer NOT NULL,
    image character varying(100),
    item_id integer NOT NULL
);


ALTER TABLE public.api_detailsimage OWNER TO postgresuser;

--
-- Name: api_detailsimage_id_seq; Type: SEQUENCE; Schema: public; Owner: postgresuser
--

CREATE SEQUENCE public.api_detailsimage_id_seq
    AS integer
    START WITH 1
    INCREMENT BY 1
    NO MINVALUE
    NO MAXVALUE
    CACHE 1;


ALTER TABLE public.api_detailsimage_id_seq OWNER TO postgresuser;

--
-- Name: api_detailsimage_id_seq; Type: SEQUENCE OWNED BY; Schema: public; Owner: postgresuser
--

ALTER SEQUENCE public.api_detailsimage_id_seq OWNED BY public.api_detailsimage.id;


--
-- Name: api_inactiveuserid; Type: TABLE; Schema: public; Owner: postgresuser
--

CREATE TABLE public.api_inactiveuserid (
    id integer NOT NULL,
    id_of_user integer NOT NULL,
    otp_code integer
);


ALTER TABLE public.api_inactiveuserid OWNER TO postgresuser;

--
-- Name: api_inactiveuserid_id_seq; Type: SEQUENCE; Schema: public; Owner: postgresuser
--

CREATE SEQUENCE public.api_inactiveuserid_id_seq
    AS integer
    START WITH 1
    INCREMENT BY 1
    NO MINVALUE
    NO MAXVALUE
    CACHE 1;


ALTER TABLE public.api_inactiveuserid_id_seq OWNER TO postgresuser;

--
-- Name: api_inactiveuserid_id_seq; Type: SEQUENCE OWNED BY; Schema: public; Owner: postgresuser
--

ALTER SEQUENCE public.api_inactiveuserid_id_seq OWNED BY public.api_inactiveuserid.id;


--
-- Name: api_itemsdata; Type: TABLE; Schema: public; Owner: postgresuser
--

CREATE TABLE public.api_itemsdata (
    id integer NOT NULL,
    ordereditem character varying(200) NOT NULL,
    price integer NOT NULL,
    ordereddate date NOT NULL,
    orderedtime time without time zone NOT NULL,
    user_id integer NOT NULL
);


ALTER TABLE public.api_itemsdata OWNER TO postgresuser;

--
-- Name: api_itemsdata_id_seq; Type: SEQUENCE; Schema: public; Owner: postgresuser
--

CREATE SEQUENCE public.api_itemsdata_id_seq
    AS integer
    START WITH 1
    INCREMENT BY 1
    NO MINVALUE
    NO MAXVALUE
    CACHE 1;


ALTER TABLE public.api_itemsdata_id_seq OWNER TO postgresuser;

--
-- Name: api_itemsdata_id_seq; Type: SEQUENCE OWNED BY; Schema: public; Owner: postgresuser
--

ALTER SEQUENCE public.api_itemsdata_id_seq OWNED BY public.api_itemsdata.id;


--
-- Name: api_order; Type: TABLE; Schema: public; Owner: postgresuser
--

CREATE TABLE public.api_order (
    id integer NOT NULL,
    ordereddate date NOT NULL,
    orderedtime time without time zone NOT NULL,
    ordered_address character varying(15),
    ordered_locality character varying(255),
    ordered_city character varying(255) NOT NULL,
    total_price integer,
    user_id integer NOT NULL
);


ALTER TABLE public.api_order OWNER TO postgresuser;

--
-- Name: api_order_id_seq; Type: SEQUENCE; Schema: public; Owner: postgresuser
--

CREATE SEQUENCE public.api_order_id_seq
    AS integer
    START WITH 1
    INCREMENT BY 1
    NO MINVALUE
    NO MAXVALUE
    CACHE 1;


ALTER TABLE public.api_order_id_seq OWNER TO postgresuser;

--
-- Name: api_order_id_seq; Type: SEQUENCE OWNED BY; Schema: public; Owner: postgresuser
--

ALTER SEQUENCE public.api_order_id_seq OWNED BY public.api_order.id;


--
-- Name: api_order_ordereditem; Type: TABLE; Schema: public; Owner: postgresuser
--

CREATE TABLE public.api_order_ordereditem (
    id integer NOT NULL,
    order_id integer NOT NULL,
    itemsdata_id integer NOT NULL
);


ALTER TABLE public.api_order_ordereditem OWNER TO postgresuser;

--
-- Name: api_order_ordereditem_id_seq; Type: SEQUENCE; Schema: public; Owner: postgresuser
--

CREATE SEQUENCE public.api_order_ordereditem_id_seq
    AS integer
    START WITH 1
    INCREMENT BY 1
    NO MINVALUE
    NO MAXVALUE
    CACHE 1;


ALTER TABLE public.api_order_ordereditem_id_seq OWNER TO postgresuser;

--
-- Name: api_order_ordereditem_id_seq; Type: SEQUENCE OWNED BY; Schema: public; Owner: postgresuser
--

ALTER SEQUENCE public.api_order_ordereditem_id_seq OWNED BY public.api_order_ordereditem.id;


--
-- Name: api_previousorder; Type: TABLE; Schema: public; Owner: postgresuser
--

CREATE TABLE public.api_previousorder (
    id integer NOT NULL,
    ordereddate date NOT NULL,
    orderedtime time without time zone NOT NULL,
    ordered_address character varying(15),
    ordered_locality character varying(255),
    ordered_city character varying(255) NOT NULL,
    price integer,
    user_id integer NOT NULL
);


ALTER TABLE public.api_previousorder OWNER TO postgresuser;

--
-- Name: api_previousorder_id_seq; Type: SEQUENCE; Schema: public; Owner: postgresuser
--

CREATE SEQUENCE public.api_previousorder_id_seq
    AS integer
    START WITH 1
    INCREMENT BY 1
    NO MINVALUE
    NO MAXVALUE
    CACHE 1;


ALTER TABLE public.api_previousorder_id_seq OWNER TO postgresuser;

--
-- Name: api_previousorder_id_seq; Type: SEQUENCE OWNED BY; Schema: public; Owner: postgresuser
--

ALTER SEQUENCE public.api_previousorder_id_seq OWNED BY public.api_previousorder.id;


--
-- Name: api_previousorder_ordereditem; Type: TABLE; Schema: public; Owner: postgresuser
--

CREATE TABLE public.api_previousorder_ordereditem (
    id integer NOT NULL,
    previousorder_id integer NOT NULL,
    itemsdata_id integer NOT NULL
);


ALTER TABLE public.api_previousorder_ordereditem OWNER TO postgresuser;

--
-- Name: api_previousorder_ordereditem_id_seq; Type: SEQUENCE; Schema: public; Owner: postgresuser
--

CREATE SEQUENCE public.api_previousorder_ordereditem_id_seq
    AS integer
    START WITH 1
    INCREMENT BY 1
    NO MINVALUE
    NO MAXVALUE
    CACHE 1;


ALTER TABLE public.api_previousorder_ordereditem_id_seq OWNER TO postgresuser;

--
-- Name: api_previousorder_ordereditem_id_seq; Type: SEQUENCE OWNED BY; Schema: public; Owner: postgresuser
--

ALTER SEQUENCE public.api_previousorder_ordereditem_id_seq OWNED BY public.api_previousorder_ordereditem.id;


--
-- Name: api_pushnotificationstoken; Type: TABLE; Schema: public; Owner: postgresuser
--

CREATE TABLE public.api_pushnotificationstoken (
    id integer NOT NULL,
    token character varying(200),
    user_id integer
);


ALTER TABLE public.api_pushnotificationstoken OWNER TO postgresuser;

--
-- Name: api_pushnotificationstoken_id_seq; Type: SEQUENCE; Schema: public; Owner: postgresuser
--

CREATE SEQUENCE public.api_pushnotificationstoken_id_seq
    AS integer
    START WITH 1
    INCREMENT BY 1
    NO MINVALUE
    NO MAXVALUE
    CACHE 1;


ALTER TABLE public.api_pushnotificationstoken_id_seq OWNER TO postgresuser;

--
-- Name: api_pushnotificationstoken_id_seq; Type: SEQUENCE OWNED BY; Schema: public; Owner: postgresuser
--

ALTER SEQUENCE public.api_pushnotificationstoken_id_seq OWNED BY public.api_pushnotificationstoken.id;


--
-- Name: api_rating; Type: TABLE; Schema: public; Owner: postgresuser
--

CREATE TABLE public.api_rating (
    id integer NOT NULL,
    stars integer NOT NULL,
    review character varying(255) NOT NULL,
    item_id integer NOT NULL,
    user_id integer NOT NULL
);


ALTER TABLE public.api_rating OWNER TO postgresuser;

--
-- Name: api_rating_id_seq; Type: SEQUENCE; Schema: public; Owner: postgresuser
--

CREATE SEQUENCE public.api_rating_id_seq
    AS integer
    START WITH 1
    INCREMENT BY 1
    NO MINVALUE
    NO MAXVALUE
    CACHE 1;


ALTER TABLE public.api_rating_id_seq OWNER TO postgresuser;

--
-- Name: api_rating_id_seq; Type: SEQUENCE OWNED BY; Schema: public; Owner: postgresuser
--

ALTER SEQUENCE public.api_rating_id_seq OWNED BY public.api_rating.id;


--
-- Name: api_recipe; Type: TABLE; Schema: public; Owner: postgresuser
--

CREATE TABLE public.api_recipe (
    id integer NOT NULL,
    name character varying(50) NOT NULL,
    ingredients character varying(100) NOT NULL,
    description character varying(5000) NOT NULL,
    image character varying(100),
    user_id integer NOT NULL
);


ALTER TABLE public.api_recipe OWNER TO postgresuser;

--
-- Name: api_recipe_id_seq; Type: SEQUENCE; Schema: public; Owner: postgresuser
--

CREATE SEQUENCE public.api_recipe_id_seq
    AS integer
    START WITH 1
    INCREMENT BY 1
    NO MINVALUE
    NO MAXVALUE
    CACHE 1;


ALTER TABLE public.api_recipe_id_seq OWNER TO postgresuser;

--
-- Name: api_recipe_id_seq; Type: SEQUENCE OWNED BY; Schema: public; Owner: postgresuser
--

ALTER SEQUENCE public.api_recipe_id_seq OWNED BY public.api_recipe.id;


--
-- Name: api_resetpassuserid; Type: TABLE; Schema: public; Owner: postgresuser
--

CREATE TABLE public.api_resetpassuserid (
    id integer NOT NULL,
    reset_user_id integer NOT NULL,
    reset_code integer NOT NULL
);


ALTER TABLE public.api_resetpassuserid OWNER TO postgresuser;

--
-- Name: api_resetpassuserid_id_seq; Type: SEQUENCE; Schema: public; Owner: postgresuser
--

CREATE SEQUENCE public.api_resetpassuserid_id_seq
    AS integer
    START WITH 1
    INCREMENT BY 1
    NO MINVALUE
    NO MAXVALUE
    CACHE 1;


ALTER TABLE public.api_resetpassuserid_id_seq OWNER TO postgresuser;

--
-- Name: api_resetpassuserid_id_seq; Type: SEQUENCE OWNED BY; Schema: public; Owner: postgresuser
--

ALTER SEQUENCE public.api_resetpassuserid_id_seq OWNED BY public.api_resetpassuserid.id;


--
-- Name: api_storeitem; Type: TABLE; Schema: public; Owner: postgresuser
--

CREATE TABLE public.api_storeitem (
    id integer NOT NULL,
    name character varying(50) NOT NULL,
    description character varying(50),
    category character varying(50),
    price integer NOT NULL,
    image character varying(100)
);


ALTER TABLE public.api_storeitem OWNER TO postgresuser;

--
-- Name: api_storeitem_id_seq; Type: SEQUENCE; Schema: public; Owner: postgresuser
--

CREATE SEQUENCE public.api_storeitem_id_seq
    AS integer
    START WITH 1
    INCREMENT BY 1
    NO MINVALUE
    NO MAXVALUE
    CACHE 1;


ALTER TABLE public.api_storeitem_id_seq OWNER TO postgresuser;

--
-- Name: api_storeitem_id_seq; Type: SEQUENCE OWNED BY; Schema: public; Owner: postgresuser
--

ALTER SEQUENCE public.api_storeitem_id_seq OWNED BY public.api_storeitem.id;


--
-- Name: auth_group; Type: TABLE; Schema: public; Owner: postgresuser
--

CREATE TABLE public.auth_group (
    id integer NOT NULL,
    name character varying(150) NOT NULL
);


ALTER TABLE public.auth_group OWNER TO postgresuser;

--
-- Name: auth_group_id_seq; Type: SEQUENCE; Schema: public; Owner: postgresuser
--

CREATE SEQUENCE public.auth_group_id_seq
    AS integer
    START WITH 1
    INCREMENT BY 1
    NO MINVALUE
    NO MAXVALUE
    CACHE 1;


ALTER TABLE public.auth_group_id_seq OWNER TO postgresuser;

--
-- Name: auth_group_id_seq; Type: SEQUENCE OWNED BY; Schema: public; Owner: postgresuser
--

ALTER SEQUENCE public.auth_group_id_seq OWNED BY public.auth_group.id;


--
-- Name: auth_group_permissions; Type: TABLE; Schema: public; Owner: postgresuser
--

CREATE TABLE public.auth_group_permissions (
    id integer NOT NULL,
    group_id integer NOT NULL,
    permission_id integer NOT NULL
);


ALTER TABLE public.auth_group_permissions OWNER TO postgresuser;

--
-- Name: auth_group_permissions_id_seq; Type: SEQUENCE; Schema: public; Owner: postgresuser
--

CREATE SEQUENCE public.auth_group_permissions_id_seq
    AS integer
    START WITH 1
    INCREMENT BY 1
    NO MINVALUE
    NO MAXVALUE
    CACHE 1;


ALTER TABLE public.auth_group_permissions_id_seq OWNER TO postgresuser;

--
-- Name: auth_group_permissions_id_seq; Type: SEQUENCE OWNED BY; Schema: public; Owner: postgresuser
--

ALTER SEQUENCE public.auth_group_permissions_id_seq OWNED BY public.auth_group_permissions.id;


--
-- Name: auth_permission; Type: TABLE; Schema: public; Owner: postgresuser
--

CREATE TABLE public.auth_permission (
    id integer NOT NULL,
    name character varying(255) NOT NULL,
    content_type_id integer NOT NULL,
    codename character varying(100) NOT NULL
);


ALTER TABLE public.auth_permission OWNER TO postgresuser;

--
-- Name: auth_permission_id_seq; Type: SEQUENCE; Schema: public; Owner: postgresuser
--

CREATE SEQUENCE public.auth_permission_id_seq
    AS integer
    START WITH 1
    INCREMENT BY 1
    NO MINVALUE
    NO MAXVALUE
    CACHE 1;


ALTER TABLE public.auth_permission_id_seq OWNER TO postgresuser;

--
-- Name: auth_permission_id_seq; Type: SEQUENCE OWNED BY; Schema: public; Owner: postgresuser
--

ALTER SEQUENCE public.auth_permission_id_seq OWNED BY public.auth_permission.id;


--
-- Name: authtoken_token; Type: TABLE; Schema: public; Owner: postgresuser
--

CREATE TABLE public.authtoken_token (
    key character varying(40) NOT NULL,
    created timestamp with time zone NOT NULL,
    user_id integer NOT NULL
);


ALTER TABLE public.authtoken_token OWNER TO postgresuser;

--
-- Name: django_admin_log; Type: TABLE; Schema: public; Owner: postgresuser
--

CREATE TABLE public.django_admin_log (
    id integer NOT NULL,
    action_time timestamp with time zone NOT NULL,
    object_id text,
    object_repr character varying(200) NOT NULL,
    action_flag smallint NOT NULL,
    change_message text NOT NULL,
    content_type_id integer,
    user_id integer NOT NULL,
    CONSTRAINT django_admin_log_action_flag_check CHECK ((action_flag >= 0))
);


ALTER TABLE public.django_admin_log OWNER TO postgresuser;

--
-- Name: django_admin_log_id_seq; Type: SEQUENCE; Schema: public; Owner: postgresuser
--

CREATE SEQUENCE public.django_admin_log_id_seq
    AS integer
    START WITH 1
    INCREMENT BY 1
    NO MINVALUE
    NO MAXVALUE
    CACHE 1;


ALTER TABLE public.django_admin_log_id_seq OWNER TO postgresuser;

--
-- Name: django_admin_log_id_seq; Type: SEQUENCE OWNED BY; Schema: public; Owner: postgresuser
--

ALTER SEQUENCE public.django_admin_log_id_seq OWNED BY public.django_admin_log.id;


--
-- Name: django_content_type; Type: TABLE; Schema: public; Owner: postgresuser
--

CREATE TABLE public.django_content_type (
    id integer NOT NULL,
    app_label character varying(100) NOT NULL,
    model character varying(100) NOT NULL
);


ALTER TABLE public.django_content_type OWNER TO postgresuser;

--
-- Name: django_content_type_id_seq; Type: SEQUENCE; Schema: public; Owner: postgresuser
--

CREATE SEQUENCE public.django_content_type_id_seq
    AS integer
    START WITH 1
    INCREMENT BY 1
    NO MINVALUE
    NO MAXVALUE
    CACHE 1;


ALTER TABLE public.django_content_type_id_seq OWNER TO postgresuser;

--
-- Name: django_content_type_id_seq; Type: SEQUENCE OWNED BY; Schema: public; Owner: postgresuser
--

ALTER SEQUENCE public.django_content_type_id_seq OWNED BY public.django_content_type.id;


--
-- Name: django_migrations; Type: TABLE; Schema: public; Owner: postgresuser
--

CREATE TABLE public.django_migrations (
    id integer NOT NULL,
    app character varying(255) NOT NULL,
    name character varying(255) NOT NULL,
    applied timestamp with time zone NOT NULL
);


ALTER TABLE public.django_migrations OWNER TO postgresuser;

--
-- Name: django_migrations_id_seq; Type: SEQUENCE; Schema: public; Owner: postgresuser
--

CREATE SEQUENCE public.django_migrations_id_seq
    AS integer
    START WITH 1
    INCREMENT BY 1
    NO MINVALUE
    NO MAXVALUE
    CACHE 1;


ALTER TABLE public.django_migrations_id_seq OWNER TO postgresuser;

--
-- Name: django_migrations_id_seq; Type: SEQUENCE OWNED BY; Schema: public; Owner: postgresuser
--

ALTER SEQUENCE public.django_migrations_id_seq OWNED BY public.django_migrations.id;


--
-- Name: django_session; Type: TABLE; Schema: public; Owner: postgresuser
--

CREATE TABLE public.django_session (
    session_key character varying(40) NOT NULL,
    session_data text NOT NULL,
    expire_date timestamp with time zone NOT NULL
);


ALTER TABLE public.django_session OWNER TO postgresuser;

--
-- Name: api_address id; Type: DEFAULT; Schema: public; Owner: postgresuser
--

ALTER TABLE ONLY public.api_address ALTER COLUMN id SET DEFAULT nextval('public.api_address_id_seq'::regclass);


--
-- Name: api_cart id; Type: DEFAULT; Schema: public; Owner: postgresuser
--

ALTER TABLE ONLY public.api_cart ALTER COLUMN id SET DEFAULT nextval('public.api_cart_id_seq'::regclass);


--
-- Name: api_customusermodel id; Type: DEFAULT; Schema: public; Owner: postgresuser
--

ALTER TABLE ONLY public.api_customusermodel ALTER COLUMN id SET DEFAULT nextval('public.api_customusermodel_id_seq'::regclass);


--
-- Name: api_customusermodel_groups id; Type: DEFAULT; Schema: public; Owner: postgresuser
--

ALTER TABLE ONLY public.api_customusermodel_groups ALTER COLUMN id SET DEFAULT nextval('public.api_customusermodel_groups_id_seq'::regclass);


--
-- Name: api_customusermodel_user_permissions id; Type: DEFAULT; Schema: public; Owner: postgresuser
--

ALTER TABLE ONLY public.api_customusermodel_user_permissions ALTER COLUMN id SET DEFAULT nextval('public.api_customusermodel_user_permissions_id_seq'::regclass);


--
-- Name: api_deliveryaddressid id; Type: DEFAULT; Schema: public; Owner: postgresuser
--

ALTER TABLE ONLY public.api_deliveryaddressid ALTER COLUMN id SET DEFAULT nextval('public.api_deliveryaddressid_id_seq'::regclass);


--
-- Name: api_detailsimage id; Type: DEFAULT; Schema: public; Owner: postgresuser
--

ALTER TABLE ONLY public.api_detailsimage ALTER COLUMN id SET DEFAULT nextval('public.api_detailsimage_id_seq'::regclass);


--
-- Name: api_homebanner id; Type: DEFAULT; Schema: public; Owner: postgresuser
--

ALTER TABLE ONLY public.api_homebanner ALTER COLUMN id SET DEFAULT nextval('public.api_banner_id_seq'::regclass);


--
-- Name: api_inactiveuserid id; Type: DEFAULT; Schema: public; Owner: postgresuser
--

ALTER TABLE ONLY public.api_inactiveuserid ALTER COLUMN id SET DEFAULT nextval('public.api_inactiveuserid_id_seq'::regclass);


--
-- Name: api_itemsdata id; Type: DEFAULT; Schema: public; Owner: postgresuser
--

ALTER TABLE ONLY public.api_itemsdata ALTER COLUMN id SET DEFAULT nextval('public.api_itemsdata_id_seq'::regclass);


--
-- Name: api_order id; Type: DEFAULT; Schema: public; Owner: postgresuser
--

ALTER TABLE ONLY public.api_order ALTER COLUMN id SET DEFAULT nextval('public.api_order_id_seq'::regclass);


--
-- Name: api_order_ordereditem id; Type: DEFAULT; Schema: public; Owner: postgresuser
--

ALTER TABLE ONLY public.api_order_ordereditem ALTER COLUMN id SET DEFAULT nextval('public.api_order_ordereditem_id_seq'::regclass);


--
-- Name: api_previousorder id; Type: DEFAULT; Schema: public; Owner: postgresuser
--

ALTER TABLE ONLY public.api_previousorder ALTER COLUMN id SET DEFAULT nextval('public.api_previousorder_id_seq'::regclass);


--
-- Name: api_previousorder_ordereditem id; Type: DEFAULT; Schema: public; Owner: postgresuser
--

ALTER TABLE ONLY public.api_previousorder_ordereditem ALTER COLUMN id SET DEFAULT nextval('public.api_previousorder_ordereditem_id_seq'::regclass);


--
-- Name: api_pushnotificationstoken id; Type: DEFAULT; Schema: public; Owner: postgresuser
--

ALTER TABLE ONLY public.api_pushnotificationstoken ALTER COLUMN id SET DEFAULT nextval('public.api_pushnotificationstoken_id_seq'::regclass);


--
-- Name: api_rating id; Type: DEFAULT; Schema: public; Owner: postgresuser
--

ALTER TABLE ONLY public.api_rating ALTER COLUMN id SET DEFAULT nextval('public.api_rating_id_seq'::regclass);


--
-- Name: api_recipe id; Type: DEFAULT; Schema: public; Owner: postgresuser
--

ALTER TABLE ONLY public.api_recipe ALTER COLUMN id SET DEFAULT nextval('public.api_recipe_id_seq'::regclass);


--
-- Name: api_resetpassuserid id; Type: DEFAULT; Schema: public; Owner: postgresuser
--

ALTER TABLE ONLY public.api_resetpassuserid ALTER COLUMN id SET DEFAULT nextval('public.api_resetpassuserid_id_seq'::regclass);


--
-- Name: api_storeitem id; Type: DEFAULT; Schema: public; Owner: postgresuser
--

ALTER TABLE ONLY public.api_storeitem ALTER COLUMN id SET DEFAULT nextval('public.api_storeitem_id_seq'::regclass);


--
-- Name: auth_group id; Type: DEFAULT; Schema: public; Owner: postgresuser
--

ALTER TABLE ONLY public.auth_group ALTER COLUMN id SET DEFAULT nextval('public.auth_group_id_seq'::regclass);


--
-- Name: auth_group_permissions id; Type: DEFAULT; Schema: public; Owner: postgresuser
--

ALTER TABLE ONLY public.auth_group_permissions ALTER COLUMN id SET DEFAULT nextval('public.auth_group_permissions_id_seq'::regclass);


--
-- Name: auth_permission id; Type: DEFAULT; Schema: public; Owner: postgresuser
--

ALTER TABLE ONLY public.auth_permission ALTER COLUMN id SET DEFAULT nextval('public.auth_permission_id_seq'::regclass);


--
-- Name: django_admin_log id; Type: DEFAULT; Schema: public; Owner: postgresuser
--

ALTER TABLE ONLY public.django_admin_log ALTER COLUMN id SET DEFAULT nextval('public.django_admin_log_id_seq'::regclass);


--
-- Name: django_content_type id; Type: DEFAULT; Schema: public; Owner: postgresuser
--

ALTER TABLE ONLY public.django_content_type ALTER COLUMN id SET DEFAULT nextval('public.django_content_type_id_seq'::regclass);


--
-- Name: django_migrations id; Type: DEFAULT; Schema: public; Owner: postgresuser
--

ALTER TABLE ONLY public.django_migrations ALTER COLUMN id SET DEFAULT nextval('public.django_migrations_id_seq'::regclass);


--
-- Data for Name: api_address; Type: TABLE DATA; Schema: public; Owner: postgresuser
--

COPY public.api_address (id, address, locality, city, type_of_address, user_id) FROM stdin;
\.


--
-- Data for Name: api_cart; Type: TABLE DATA; Schema: public; Owner: postgresuser
--

COPY public.api_cart (id, ordereditem, price, user_id, ordereddate, orderedtime) FROM stdin;
\.


--
-- Data for Name: api_customusermodel; Type: TABLE DATA; Schema: public; Owner: postgresuser
--

COPY public.api_customusermodel (id, password, last_login, is_superuser, email, name, phone, key, is_active, is_staff, selected_option, image) FROM stdin;
1	pbkdf2_sha256$180000$jAOxgsxcFOhe$Xn3C43bBk54aFkxqDMZwPktZI1qFDWWngmvgB/jjTyc=	2021-04-22 06:59:45.249269+00	t	\N	\N	9515871045	BEUVD6AKNEWIAXMA7FHQISIPT3RIJYER	t	t	\N	
\.


--
-- Data for Name: api_customusermodel_groups; Type: TABLE DATA; Schema: public; Owner: postgresuser
--

COPY public.api_customusermodel_groups (id, customusermodel_id, group_id) FROM stdin;
\.


--
-- Data for Name: api_customusermodel_user_permissions; Type: TABLE DATA; Schema: public; Owner: postgresuser
--

COPY public.api_customusermodel_user_permissions (id, customusermodel_id, permission_id) FROM stdin;
\.


--
-- Data for Name: api_deliveryaddressid; Type: TABLE DATA; Schema: public; Owner: postgresuser
--

COPY public.api_deliveryaddressid (id, address_id, user_id) FROM stdin;
\.


--
-- Data for Name: api_detailsimage; Type: TABLE DATA; Schema: public; Owner: postgresuser
--

COPY public.api_detailsimage (id, image, item_id) FROM stdin;
\.


--
-- Data for Name: api_homebanner; Type: TABLE DATA; Schema: public; Owner: postgresuser
--

COPY public.api_homebanner (id, image) FROM stdin;
1	images/banner/UPrs1EWl.jpg
\.


--
-- Data for Name: api_inactiveuserid; Type: TABLE DATA; Schema: public; Owner: postgresuser
--

COPY public.api_inactiveuserid (id, id_of_user, otp_code) FROM stdin;
\.


--
-- Data for Name: api_itemsdata; Type: TABLE DATA; Schema: public; Owner: postgresuser
--

COPY public.api_itemsdata (id, ordereditem, price, ordereddate, orderedtime, user_id) FROM stdin;
\.


--
-- Data for Name: api_order; Type: TABLE DATA; Schema: public; Owner: postgresuser
--

COPY public.api_order (id, ordereddate, orderedtime, ordered_address, ordered_locality, ordered_city, total_price, user_id) FROM stdin;
\.


--
-- Data for Name: api_order_ordereditem; Type: TABLE DATA; Schema: public; Owner: postgresuser
--

COPY public.api_order_ordereditem (id, order_id, itemsdata_id) FROM stdin;
\.


--
-- Data for Name: api_previousorder; Type: TABLE DATA; Schema: public; Owner: postgresuser
--

COPY public.api_previousorder (id, ordereddate, orderedtime, ordered_address, ordered_locality, ordered_city, price, user_id) FROM stdin;
\.


--
-- Data for Name: api_previousorder_ordereditem; Type: TABLE DATA; Schema: public; Owner: postgresuser
--

COPY public.api_previousorder_ordereditem (id, previousorder_id, itemsdata_id) FROM stdin;
\.


--
-- Data for Name: api_pushnotificationstoken; Type: TABLE DATA; Schema: public; Owner: postgresuser
--

COPY public.api_pushnotificationstoken (id, token, user_id) FROM stdin;
\.


--
-- Data for Name: api_rating; Type: TABLE DATA; Schema: public; Owner: postgresuser
--

COPY public.api_rating (id, stars, review, item_id, user_id) FROM stdin;
\.


--
-- Data for Name: api_recipe; Type: TABLE DATA; Schema: public; Owner: postgresuser
--

COPY public.api_recipe (id, name, ingredients, description, image, user_id) FROM stdin;
\.


--
-- Data for Name: api_resetpassuserid; Type: TABLE DATA; Schema: public; Owner: postgresuser
--

COPY public.api_resetpassuserid (id, reset_user_id, reset_code) FROM stdin;
\.


--
-- Data for Name: api_storeitem; Type: TABLE DATA; Schema: public; Owner: postgresuser
--

COPY public.api_storeitem (id, name, description, category, price, image) FROM stdin;
\.


--
-- Data for Name: auth_group; Type: TABLE DATA; Schema: public; Owner: postgresuser
--

COPY public.auth_group (id, name) FROM stdin;
\.


--
-- Data for Name: auth_group_permissions; Type: TABLE DATA; Schema: public; Owner: postgresuser
--

COPY public.auth_group_permissions (id, group_id, permission_id) FROM stdin;
\.


--
-- Data for Name: auth_permission; Type: TABLE DATA; Schema: public; Owner: postgresuser
--

COPY public.auth_permission (id, name, content_type_id, codename) FROM stdin;
1	Can add log entry	1	add_logentry
2	Can change log entry	1	change_logentry
3	Can delete log entry	1	delete_logentry
4	Can view log entry	1	view_logentry
5	Can add permission	2	add_permission
6	Can change permission	2	change_permission
7	Can delete permission	2	delete_permission
8	Can view permission	2	view_permission
9	Can add group	3	add_group
10	Can change group	3	change_group
11	Can delete group	3	delete_group
12	Can view group	3	view_group
13	Can add content type	4	add_contenttype
14	Can change content type	4	change_contenttype
15	Can delete content type	4	delete_contenttype
16	Can view content type	4	view_contenttype
17	Can add session	5	add_session
18	Can change session	5	change_session
19	Can delete session	5	delete_session
20	Can view session	5	view_session
21	Can add custom user model	6	add_customusermodel
22	Can change custom user model	6	change_customusermodel
23	Can delete custom user model	6	delete_customusermodel
24	Can view custom user model	6	view_customusermodel
25	Can add cart	7	add_cart
26	Can change cart	7	change_cart
27	Can delete cart	7	delete_cart
28	Can view cart	7	view_cart
29	Can add inactive user id	8	add_inactiveuserid
30	Can change inactive user id	8	change_inactiveuserid
31	Can delete inactive user id	8	delete_inactiveuserid
32	Can view inactive user id	8	view_inactiveuserid
33	Can add reset pass user id	9	add_resetpassuserid
34	Can change reset pass user id	9	change_resetpassuserid
35	Can delete reset pass user id	9	delete_resetpassuserid
36	Can view reset pass user id	9	view_resetpassuserid
37	Can add store item	10	add_storeitem
38	Can change store item	10	change_storeitem
39	Can delete store item	10	delete_storeitem
40	Can view store item	10	view_storeitem
41	Can add previous order	11	add_previousorder
42	Can change previous order	11	change_previousorder
43	Can delete previous order	11	delete_previousorder
44	Can view previous order	11	view_previousorder
45	Can add order	12	add_order
46	Can change order	12	change_order
47	Can delete order	12	delete_order
48	Can view order	12	view_order
49	Can add address	13	add_address
50	Can change address	13	change_address
51	Can delete address	13	delete_address
52	Can view address	13	view_address
53	Can add delivery address id	14	add_deliveryaddressid
54	Can change delivery address id	14	change_deliveryaddressid
55	Can delete delivery address id	14	delete_deliveryaddressid
56	Can view delivery address id	14	view_deliveryaddressid
57	Can add recipe	15	add_recipe
58	Can change recipe	15	change_recipe
59	Can delete recipe	15	delete_recipe
60	Can view recipe	15	view_recipe
61	Can add rating	16	add_rating
62	Can change rating	16	change_rating
63	Can delete rating	16	delete_rating
64	Can view rating	16	view_rating
65	Can add items data	17	add_itemsdata
66	Can change items data	17	change_itemsdata
67	Can delete items data	17	delete_itemsdata
68	Can view items data	17	view_itemsdata
69	Can add home banner	18	add_homebanner
70	Can change home banner	18	change_homebanner
71	Can delete home banner	18	delete_homebanner
72	Can view home banner	18	view_homebanner
73	Can add details image	19	add_detailsimage
74	Can change details image	19	change_detailsimage
75	Can delete details image	19	delete_detailsimage
76	Can view details image	19	view_detailsimage
77	Can add push notifications token	20	add_pushnotificationstoken
78	Can change push notifications token	20	change_pushnotificationstoken
79	Can delete push notifications token	20	delete_pushnotificationstoken
80	Can view push notifications token	20	view_pushnotificationstoken
81	Can add Token	21	add_token
82	Can change Token	21	change_token
83	Can delete Token	21	delete_token
84	Can view Token	21	view_token
\.


--
-- Data for Name: authtoken_token; Type: TABLE DATA; Schema: public; Owner: postgresuser
--

COPY public.authtoken_token (key, created, user_id) FROM stdin;
\.


--
-- Data for Name: django_admin_log; Type: TABLE DATA; Schema: public; Owner: postgresuser
--

COPY public.django_admin_log (id, action_time, object_id, object_repr, action_flag, change_message, content_type_id, user_id) FROM stdin;
1	2021-04-22 07:00:06.366121+00	1	HomeBanner object (1)	1	[{"added": {}}]	18	1
\.


--
-- Data for Name: django_content_type; Type: TABLE DATA; Schema: public; Owner: postgresuser
--

COPY public.django_content_type (id, app_label, model) FROM stdin;
1	admin	logentry
2	auth	permission
3	auth	group
4	contenttypes	contenttype
5	sessions	session
6	api	customusermodel
7	api	cart
8	api	inactiveuserid
9	api	resetpassuserid
10	api	storeitem
11	api	previousorder
12	api	order
13	api	address
14	api	deliveryaddressid
15	api	recipe
16	api	rating
17	api	itemsdata
18	api	homebanner
19	api	detailsimage
20	api	pushnotificationstoken
21	authtoken	token
\.


--
-- Data for Name: django_migrations; Type: TABLE DATA; Schema: public; Owner: postgresuser
--

COPY public.django_migrations (id, app, name, applied) FROM stdin;
1	contenttypes	0001_initial	2021-04-21 05:44:17.381411+00
2	contenttypes	0002_remove_content_type_name	2021-04-21 05:44:17.391329+00
3	auth	0001_initial	2021-04-21 05:44:17.41281+00
4	auth	0002_alter_permission_name_max_length	2021-04-21 05:44:17.433502+00
5	auth	0003_alter_user_email_max_length	2021-04-21 05:44:17.4412+00
6	auth	0004_alter_user_username_opts	2021-04-21 05:44:17.448092+00
7	auth	0005_alter_user_last_login_null	2021-04-21 05:44:17.455098+00
8	auth	0006_require_contenttypes_0002	2021-04-21 05:44:17.457795+00
9	auth	0007_alter_validators_add_error_messages	2021-04-21 05:44:17.464593+00
10	auth	0008_alter_user_username_max_length	2021-04-21 05:44:17.471783+00
11	auth	0009_alter_user_last_name_max_length	2021-04-21 05:44:17.479086+00
12	auth	0010_alter_group_name_max_length	2021-04-21 05:44:17.487518+00
13	auth	0011_update_proxy_permissions	2021-04-21 05:44:17.494269+00
14	api	0001_initial	2021-04-21 05:44:17.587795+00
15	admin	0001_initial	2021-04-21 05:44:17.652128+00
16	admin	0002_logentry_remove_auto_add	2021-04-21 05:44:17.671197+00
17	admin	0003_logentry_add_action_flag_choices	2021-04-21 05:44:17.684826+00
18	api	0002_deliveryaddressid	2021-04-21 05:44:17.702607+00
19	api	0003_rating_recipe	2021-04-21 05:44:17.746851+00
20	api	0004_storeitem_example2	2021-04-21 05:44:17.781158+00
21	api	0005_remove_storeitem_example2	2021-04-21 05:44:17.808214+00
22	api	0006_auto_20210314_0719	2021-04-21 05:44:17.83372+00
23	api	0007_auto_20210314_0725	2021-04-21 05:44:17.858317+00
24	api	0008_auto_20210314_0747	2021-04-21 05:44:17.957133+00
25	api	0009_auto_20210315_1227	2021-04-21 05:44:18.023265+00
26	api	0010_auto_20210315_1252	2021-04-21 05:44:18.056412+00
27	api	0011_auto_20210316_1004	2021-04-21 05:44:18.098229+00
28	api	0012_auto_20210316_1024	2021-04-21 05:44:18.136983+00
29	api	0013_auto_20210318_1147	2021-04-21 05:44:18.142586+00
30	api	0014_auto_20210320_0850	2021-04-21 05:44:18.17739+00
31	api	0015_auto_20210320_0854	2021-04-21 05:44:18.213615+00
32	api	0016_auto_20210320_0900	2021-04-21 05:44:18.248986+00
33	api	0017_auto_20210405_0819	2021-04-21 05:44:18.269184+00
34	api	0018_detailsimage	2021-04-21 05:44:18.291129+00
35	api	0019_pushnotificationstoken	2021-04-21 05:44:18.316388+00
36	api	0020_auto_20210417_0758	2021-04-21 05:44:18.34415+00
37	authtoken	0001_initial	2021-04-21 05:44:18.367965+00
38	authtoken	0002_auto_20160226_1747	2021-04-21 05:44:18.441151+00
39	sessions	0001_initial	2021-04-21 05:44:18.449359+00
\.


--
-- Data for Name: django_session; Type: TABLE DATA; Schema: public; Owner: postgresuser
--

COPY public.django_session (session_key, session_data, expire_date) FROM stdin;
4gjpqel3lxs5ir5i1ovrksjjrshdzdi8	ZjNhNjgzMjhhNTIzMjNkMmVmODJiZmZiNTBhNDZhMDBiYTA5YzM4MDp7Il9hdXRoX3VzZXJfaWQiOiIxIiwiX2F1dGhfdXNlcl9iYWNrZW5kIjoiZGphbmdvLmNvbnRyaWIuYXV0aC5iYWNrZW5kcy5Nb2RlbEJhY2tlbmQiLCJfYXV0aF91c2VyX2hhc2giOiI5YTc5YTE5YzY2OTE1NjAxYjllNzFkNWZkZDNiZWZkMTc1ZjlhZjllIn0=	2021-05-06 06:08:46.806531+00
9f61s9x346qe3sgen5wc353xsay49x27	ZjNhNjgzMjhhNTIzMjNkMmVmODJiZmZiNTBhNDZhMDBiYTA5YzM4MDp7Il9hdXRoX3VzZXJfaWQiOiIxIiwiX2F1dGhfdXNlcl9iYWNrZW5kIjoiZGphbmdvLmNvbnRyaWIuYXV0aC5iYWNrZW5kcy5Nb2RlbEJhY2tlbmQiLCJfYXV0aF91c2VyX2hhc2giOiI5YTc5YTE5YzY2OTE1NjAxYjllNzFkNWZkZDNiZWZkMTc1ZjlhZjllIn0=	2021-05-06 06:59:45.255034+00
\.


--
-- Name: api_address_id_seq; Type: SEQUENCE SET; Schema: public; Owner: postgresuser
--

SELECT pg_catalog.setval('public.api_address_id_seq', 1, false);


--
-- Name: api_banner_id_seq; Type: SEQUENCE SET; Schema: public; Owner: postgresuser
--

SELECT pg_catalog.setval('public.api_banner_id_seq', 1, true);


--
-- Name: api_cart_id_seq; Type: SEQUENCE SET; Schema: public; Owner: postgresuser
--

SELECT pg_catalog.setval('public.api_cart_id_seq', 1, false);


--
-- Name: api_customusermodel_groups_id_seq; Type: SEQUENCE SET; Schema: public; Owner: postgresuser
--

SELECT pg_catalog.setval('public.api_customusermodel_groups_id_seq', 1, false);


--
-- Name: api_customusermodel_id_seq; Type: SEQUENCE SET; Schema: public; Owner: postgresuser
--

SELECT pg_catalog.setval('public.api_customusermodel_id_seq', 33, true);


--
-- Name: api_customusermodel_user_permissions_id_seq; Type: SEQUENCE SET; Schema: public; Owner: postgresuser
--

SELECT pg_catalog.setval('public.api_customusermodel_user_permissions_id_seq', 1, false);


--
-- Name: api_deliveryaddressid_id_seq; Type: SEQUENCE SET; Schema: public; Owner: postgresuser
--

SELECT pg_catalog.setval('public.api_deliveryaddressid_id_seq', 1, false);


--
-- Name: api_detailsimage_id_seq; Type: SEQUENCE SET; Schema: public; Owner: postgresuser
--

SELECT pg_catalog.setval('public.api_detailsimage_id_seq', 1, false);


--
-- Name: api_inactiveuserid_id_seq; Type: SEQUENCE SET; Schema: public; Owner: postgresuser
--

SELECT pg_catalog.setval('public.api_inactiveuserid_id_seq', 1, false);


--
-- Name: api_itemsdata_id_seq; Type: SEQUENCE SET; Schema: public; Owner: postgresuser
--

SELECT pg_catalog.setval('public.api_itemsdata_id_seq', 1, false);


--
-- Name: api_order_id_seq; Type: SEQUENCE SET; Schema: public; Owner: postgresuser
--

SELECT pg_catalog.setval('public.api_order_id_seq', 1, false);


--
-- Name: api_order_ordereditem_id_seq; Type: SEQUENCE SET; Schema: public; Owner: postgresuser
--

SELECT pg_catalog.setval('public.api_order_ordereditem_id_seq', 1, false);


--
-- Name: api_previousorder_id_seq; Type: SEQUENCE SET; Schema: public; Owner: postgresuser
--

SELECT pg_catalog.setval('public.api_previousorder_id_seq', 1, false);


--
-- Name: api_previousorder_ordereditem_id_seq; Type: SEQUENCE SET; Schema: public; Owner: postgresuser
--

SELECT pg_catalog.setval('public.api_previousorder_ordereditem_id_seq', 1, false);


--
-- Name: api_pushnotificationstoken_id_seq; Type: SEQUENCE SET; Schema: public; Owner: postgresuser
--

SELECT pg_catalog.setval('public.api_pushnotificationstoken_id_seq', 1, false);


--
-- Name: api_rating_id_seq; Type: SEQUENCE SET; Schema: public; Owner: postgresuser
--

SELECT pg_catalog.setval('public.api_rating_id_seq', 1, false);


--
-- Name: api_recipe_id_seq; Type: SEQUENCE SET; Schema: public; Owner: postgresuser
--

SELECT pg_catalog.setval('public.api_recipe_id_seq', 1, false);


--
-- Name: api_resetpassuserid_id_seq; Type: SEQUENCE SET; Schema: public; Owner: postgresuser
--

SELECT pg_catalog.setval('public.api_resetpassuserid_id_seq', 1, false);


--
-- Name: api_storeitem_id_seq; Type: SEQUENCE SET; Schema: public; Owner: postgresuser
--

SELECT pg_catalog.setval('public.api_storeitem_id_seq', 1, false);


--
-- Name: auth_group_id_seq; Type: SEQUENCE SET; Schema: public; Owner: postgresuser
--

SELECT pg_catalog.setval('public.auth_group_id_seq', 1, false);


--
-- Name: auth_group_permissions_id_seq; Type: SEQUENCE SET; Schema: public; Owner: postgresuser
--

SELECT pg_catalog.setval('public.auth_group_permissions_id_seq', 1, false);


--
-- Name: auth_permission_id_seq; Type: SEQUENCE SET; Schema: public; Owner: postgresuser
--

SELECT pg_catalog.setval('public.auth_permission_id_seq', 99, true);


--
-- Name: django_admin_log_id_seq; Type: SEQUENCE SET; Schema: public; Owner: postgresuser
--

SELECT pg_catalog.setval('public.django_admin_log_id_seq', 1, true);


--
-- Name: django_content_type_id_seq; Type: SEQUENCE SET; Schema: public; Owner: postgresuser
--

SELECT pg_catalog.setval('public.django_content_type_id_seq', 33, true);


--
-- Name: django_migrations_id_seq; Type: SEQUENCE SET; Schema: public; Owner: postgresuser
--

SELECT pg_catalog.setval('public.django_migrations_id_seq', 66, true);


--
-- Name: api_address api_address_pkey; Type: CONSTRAINT; Schema: public; Owner: postgresuser
--

ALTER TABLE ONLY public.api_address
    ADD CONSTRAINT api_address_pkey PRIMARY KEY (id);


--
-- Name: api_homebanner api_banner_pkey; Type: CONSTRAINT; Schema: public; Owner: postgresuser
--

ALTER TABLE ONLY public.api_homebanner
    ADD CONSTRAINT api_banner_pkey PRIMARY KEY (id);


--
-- Name: api_cart api_cart_pkey; Type: CONSTRAINT; Schema: public; Owner: postgresuser
--

ALTER TABLE ONLY public.api_cart
    ADD CONSTRAINT api_cart_pkey PRIMARY KEY (id);


--
-- Name: api_customusermodel api_customusermodel_email_key; Type: CONSTRAINT; Schema: public; Owner: postgresuser
--

ALTER TABLE ONLY public.api_customusermodel
    ADD CONSTRAINT api_customusermodel_email_key UNIQUE (email);


--
-- Name: api_customusermodel_groups api_customusermodel_grou_customusermodel_id_group_249bd398_uniq; Type: CONSTRAINT; Schema: public; Owner: postgresuser
--

ALTER TABLE ONLY public.api_customusermodel_groups
    ADD CONSTRAINT api_customusermodel_grou_customusermodel_id_group_249bd398_uniq UNIQUE (customusermodel_id, group_id);


--
-- Name: api_customusermodel_groups api_customusermodel_groups_pkey; Type: CONSTRAINT; Schema: public; Owner: postgresuser
--

ALTER TABLE ONLY public.api_customusermodel_groups
    ADD CONSTRAINT api_customusermodel_groups_pkey PRIMARY KEY (id);


--
-- Name: api_customusermodel api_customusermodel_phone_key; Type: CONSTRAINT; Schema: public; Owner: postgresuser
--

ALTER TABLE ONLY public.api_customusermodel
    ADD CONSTRAINT api_customusermodel_phone_key UNIQUE (phone);


--
-- Name: api_customusermodel api_customusermodel_pkey; Type: CONSTRAINT; Schema: public; Owner: postgresuser
--

ALTER TABLE ONLY public.api_customusermodel
    ADD CONSTRAINT api_customusermodel_pkey PRIMARY KEY (id);


--
-- Name: api_customusermodel_user_permissions api_customusermodel_user_customusermodel_id_permi_9f1b7a63_uniq; Type: CONSTRAINT; Schema: public; Owner: postgresuser
--

ALTER TABLE ONLY public.api_customusermodel_user_permissions
    ADD CONSTRAINT api_customusermodel_user_customusermodel_id_permi_9f1b7a63_uniq UNIQUE (customusermodel_id, permission_id);


--
-- Name: api_customusermodel_user_permissions api_customusermodel_user_permissions_pkey; Type: CONSTRAINT; Schema: public; Owner: postgresuser
--

ALTER TABLE ONLY public.api_customusermodel_user_permissions
    ADD CONSTRAINT api_customusermodel_user_permissions_pkey PRIMARY KEY (id);


--
-- Name: api_deliveryaddressid api_deliveryaddressid_pkey; Type: CONSTRAINT; Schema: public; Owner: postgresuser
--

ALTER TABLE ONLY public.api_deliveryaddressid
    ADD CONSTRAINT api_deliveryaddressid_pkey PRIMARY KEY (id);


--
-- Name: api_detailsimage api_detailsimage_pkey; Type: CONSTRAINT; Schema: public; Owner: postgresuser
--

ALTER TABLE ONLY public.api_detailsimage
    ADD CONSTRAINT api_detailsimage_pkey PRIMARY KEY (id);


--
-- Name: api_inactiveuserid api_inactiveuserid_pkey; Type: CONSTRAINT; Schema: public; Owner: postgresuser
--

ALTER TABLE ONLY public.api_inactiveuserid
    ADD CONSTRAINT api_inactiveuserid_pkey PRIMARY KEY (id);


--
-- Name: api_itemsdata api_itemsdata_pkey; Type: CONSTRAINT; Schema: public; Owner: postgresuser
--

ALTER TABLE ONLY public.api_itemsdata
    ADD CONSTRAINT api_itemsdata_pkey PRIMARY KEY (id);


--
-- Name: api_order_ordereditem api_order_ordereditem_order_id_cart_id_a34eaba3_uniq; Type: CONSTRAINT; Schema: public; Owner: postgresuser
--

ALTER TABLE ONLY public.api_order_ordereditem
    ADD CONSTRAINT api_order_ordereditem_order_id_cart_id_a34eaba3_uniq UNIQUE (order_id, itemsdata_id);


--
-- Name: api_order_ordereditem api_order_ordereditem_pkey; Type: CONSTRAINT; Schema: public; Owner: postgresuser
--

ALTER TABLE ONLY public.api_order_ordereditem
    ADD CONSTRAINT api_order_ordereditem_pkey PRIMARY KEY (id);


--
-- Name: api_order api_order_pkey; Type: CONSTRAINT; Schema: public; Owner: postgresuser
--

ALTER TABLE ONLY public.api_order
    ADD CONSTRAINT api_order_pkey PRIMARY KEY (id);


--
-- Name: api_previousorder_ordereditem api_previousorder_ordere_previousorder_id_cart_id_e0faf38d_uniq; Type: CONSTRAINT; Schema: public; Owner: postgresuser
--

ALTER TABLE ONLY public.api_previousorder_ordereditem
    ADD CONSTRAINT api_previousorder_ordere_previousorder_id_cart_id_e0faf38d_uniq UNIQUE (previousorder_id, itemsdata_id);


--
-- Name: api_previousorder_ordereditem api_previousorder_ordereditem_pkey; Type: CONSTRAINT; Schema: public; Owner: postgresuser
--

ALTER TABLE ONLY public.api_previousorder_ordereditem
    ADD CONSTRAINT api_previousorder_ordereditem_pkey PRIMARY KEY (id);


--
-- Name: api_previousorder api_previousorder_pkey; Type: CONSTRAINT; Schema: public; Owner: postgresuser
--

ALTER TABLE ONLY public.api_previousorder
    ADD CONSTRAINT api_previousorder_pkey PRIMARY KEY (id);


--
-- Name: api_pushnotificationstoken api_pushnotificationstoken_pkey; Type: CONSTRAINT; Schema: public; Owner: postgresuser
--

ALTER TABLE ONLY public.api_pushnotificationstoken
    ADD CONSTRAINT api_pushnotificationstoken_pkey PRIMARY KEY (id);


--
-- Name: api_rating api_rating_pkey; Type: CONSTRAINT; Schema: public; Owner: postgresuser
--

ALTER TABLE ONLY public.api_rating
    ADD CONSTRAINT api_rating_pkey PRIMARY KEY (id);


--
-- Name: api_rating api_rating_user_id_item_id_cef74966_uniq; Type: CONSTRAINT; Schema: public; Owner: postgresuser
--

ALTER TABLE ONLY public.api_rating
    ADD CONSTRAINT api_rating_user_id_item_id_cef74966_uniq UNIQUE (user_id, item_id);


--
-- Name: api_recipe api_recipe_pkey; Type: CONSTRAINT; Schema: public; Owner: postgresuser
--

ALTER TABLE ONLY public.api_recipe
    ADD CONSTRAINT api_recipe_pkey PRIMARY KEY (id);


--
-- Name: api_resetpassuserid api_resetpassuserid_pkey; Type: CONSTRAINT; Schema: public; Owner: postgresuser
--

ALTER TABLE ONLY public.api_resetpassuserid
    ADD CONSTRAINT api_resetpassuserid_pkey PRIMARY KEY (id);


--
-- Name: api_storeitem api_storeitem_pkey; Type: CONSTRAINT; Schema: public; Owner: postgresuser
--

ALTER TABLE ONLY public.api_storeitem
    ADD CONSTRAINT api_storeitem_pkey PRIMARY KEY (id);


--
-- Name: auth_group auth_group_name_key; Type: CONSTRAINT; Schema: public; Owner: postgresuser
--

ALTER TABLE ONLY public.auth_group
    ADD CONSTRAINT auth_group_name_key UNIQUE (name);


--
-- Name: auth_group_permissions auth_group_permissions_group_id_permission_id_0cd325b0_uniq; Type: CONSTRAINT; Schema: public; Owner: postgresuser
--

ALTER TABLE ONLY public.auth_group_permissions
    ADD CONSTRAINT auth_group_permissions_group_id_permission_id_0cd325b0_uniq UNIQUE (group_id, permission_id);


--
-- Name: auth_group_permissions auth_group_permissions_pkey; Type: CONSTRAINT; Schema: public; Owner: postgresuser
--

ALTER TABLE ONLY public.auth_group_permissions
    ADD CONSTRAINT auth_group_permissions_pkey PRIMARY KEY (id);


--
-- Name: auth_group auth_group_pkey; Type: CONSTRAINT; Schema: public; Owner: postgresuser
--

ALTER TABLE ONLY public.auth_group
    ADD CONSTRAINT auth_group_pkey PRIMARY KEY (id);


--
-- Name: auth_permission auth_permission_content_type_id_codename_01ab375a_uniq; Type: CONSTRAINT; Schema: public; Owner: postgresuser
--

ALTER TABLE ONLY public.auth_permission
    ADD CONSTRAINT auth_permission_content_type_id_codename_01ab375a_uniq UNIQUE (content_type_id, codename);


--
-- Name: auth_permission auth_permission_pkey; Type: CONSTRAINT; Schema: public; Owner: postgresuser
--

ALTER TABLE ONLY public.auth_permission
    ADD CONSTRAINT auth_permission_pkey PRIMARY KEY (id);


--
-- Name: authtoken_token authtoken_token_pkey; Type: CONSTRAINT; Schema: public; Owner: postgresuser
--

ALTER TABLE ONLY public.authtoken_token
    ADD CONSTRAINT authtoken_token_pkey PRIMARY KEY (key);


--
-- Name: authtoken_token authtoken_token_user_id_key; Type: CONSTRAINT; Schema: public; Owner: postgresuser
--

ALTER TABLE ONLY public.authtoken_token
    ADD CONSTRAINT authtoken_token_user_id_key UNIQUE (user_id);


--
-- Name: django_admin_log django_admin_log_pkey; Type: CONSTRAINT; Schema: public; Owner: postgresuser
--

ALTER TABLE ONLY public.django_admin_log
    ADD CONSTRAINT django_admin_log_pkey PRIMARY KEY (id);


--
-- Name: django_content_type django_content_type_app_label_model_76bd3d3b_uniq; Type: CONSTRAINT; Schema: public; Owner: postgresuser
--

ALTER TABLE ONLY public.django_content_type
    ADD CONSTRAINT django_content_type_app_label_model_76bd3d3b_uniq UNIQUE (app_label, model);


--
-- Name: django_content_type django_content_type_pkey; Type: CONSTRAINT; Schema: public; Owner: postgresuser
--

ALTER TABLE ONLY public.django_content_type
    ADD CONSTRAINT django_content_type_pkey PRIMARY KEY (id);


--
-- Name: django_migrations django_migrations_pkey; Type: CONSTRAINT; Schema: public; Owner: postgresuser
--

ALTER TABLE ONLY public.django_migrations
    ADD CONSTRAINT django_migrations_pkey PRIMARY KEY (id);


--
-- Name: django_session django_session_pkey; Type: CONSTRAINT; Schema: public; Owner: postgresuser
--

ALTER TABLE ONLY public.django_session
    ADD CONSTRAINT django_session_pkey PRIMARY KEY (session_key);


--
-- Name: api_address_user_id_19458536; Type: INDEX; Schema: public; Owner: postgresuser
--

CREATE INDEX api_address_user_id_19458536 ON public.api_address USING btree (user_id);


--
-- Name: api_cart_user_id_79972181; Type: INDEX; Schema: public; Owner: postgresuser
--

CREATE INDEX api_cart_user_id_79972181 ON public.api_cart USING btree (user_id);


--
-- Name: api_customusermodel_email_2baf1218_like; Type: INDEX; Schema: public; Owner: postgresuser
--

CREATE INDEX api_customusermodel_email_2baf1218_like ON public.api_customusermodel USING btree (email varchar_pattern_ops);


--
-- Name: api_customusermodel_groups_customusermodel_id_39b7a671; Type: INDEX; Schema: public; Owner: postgresuser
--

CREATE INDEX api_customusermodel_groups_customusermodel_id_39b7a671 ON public.api_customusermodel_groups USING btree (customusermodel_id);


--
-- Name: api_customusermodel_groups_group_id_f42b31c1; Type: INDEX; Schema: public; Owner: postgresuser
--

CREATE INDEX api_customusermodel_groups_group_id_f42b31c1 ON public.api_customusermodel_groups USING btree (group_id);


--
-- Name: api_customusermodel_phone_408803bb_like; Type: INDEX; Schema: public; Owner: postgresuser
--

CREATE INDEX api_customusermodel_phone_408803bb_like ON public.api_customusermodel USING btree (phone varchar_pattern_ops);


--
-- Name: api_customusermodel_user_p_customusermodel_id_25fe4e78; Type: INDEX; Schema: public; Owner: postgresuser
--

CREATE INDEX api_customusermodel_user_p_customusermodel_id_25fe4e78 ON public.api_customusermodel_user_permissions USING btree (customusermodel_id);


--
-- Name: api_customusermodel_user_permissions_permission_id_a1cd7fe2; Type: INDEX; Schema: public; Owner: postgresuser
--

CREATE INDEX api_customusermodel_user_permissions_permission_id_a1cd7fe2 ON public.api_customusermodel_user_permissions USING btree (permission_id);


--
-- Name: api_deliveryaddressid_user_id_70563e42; Type: INDEX; Schema: public; Owner: postgresuser
--

CREATE INDEX api_deliveryaddressid_user_id_70563e42 ON public.api_deliveryaddressid USING btree (user_id);


--
-- Name: api_detailsimage_item_id_0648f960; Type: INDEX; Schema: public; Owner: postgresuser
--

CREATE INDEX api_detailsimage_item_id_0648f960 ON public.api_detailsimage USING btree (item_id);


--
-- Name: api_itemsdata_user_id_492a0c47; Type: INDEX; Schema: public; Owner: postgresuser
--

CREATE INDEX api_itemsdata_user_id_492a0c47 ON public.api_itemsdata USING btree (user_id);


--
-- Name: api_order_ordereditem_cart_id_b9325c7a; Type: INDEX; Schema: public; Owner: postgresuser
--

CREATE INDEX api_order_ordereditem_cart_id_b9325c7a ON public.api_order_ordereditem USING btree (itemsdata_id);


--
-- Name: api_order_ordereditem_order_id_e04bb445; Type: INDEX; Schema: public; Owner: postgresuser
--

CREATE INDEX api_order_ordereditem_order_id_e04bb445 ON public.api_order_ordereditem USING btree (order_id);


--
-- Name: api_order_user_id_52781ff0; Type: INDEX; Schema: public; Owner: postgresuser
--

CREATE INDEX api_order_user_id_52781ff0 ON public.api_order USING btree (user_id);


--
-- Name: api_previousorder_ordereditem_cart_id_83164ef2; Type: INDEX; Schema: public; Owner: postgresuser
--

CREATE INDEX api_previousorder_ordereditem_cart_id_83164ef2 ON public.api_previousorder_ordereditem USING btree (itemsdata_id);


--
-- Name: api_previousorder_ordereditem_previousorder_id_db98561a; Type: INDEX; Schema: public; Owner: postgresuser
--

CREATE INDEX api_previousorder_ordereditem_previousorder_id_db98561a ON public.api_previousorder_ordereditem USING btree (previousorder_id);


--
-- Name: api_previousorder_user_id_31b3daa9; Type: INDEX; Schema: public; Owner: postgresuser
--

CREATE INDEX api_previousorder_user_id_31b3daa9 ON public.api_previousorder USING btree (user_id);


--
-- Name: api_pushnotificationstoken_user_id_7ec74550; Type: INDEX; Schema: public; Owner: postgresuser
--

CREATE INDEX api_pushnotificationstoken_user_id_7ec74550 ON public.api_pushnotificationstoken USING btree (user_id);


--
-- Name: api_rating_item_id_71dd8621; Type: INDEX; Schema: public; Owner: postgresuser
--

CREATE INDEX api_rating_item_id_71dd8621 ON public.api_rating USING btree (item_id);


--
-- Name: api_rating_user_id_3968cfe8; Type: INDEX; Schema: public; Owner: postgresuser
--

CREATE INDEX api_rating_user_id_3968cfe8 ON public.api_rating USING btree (user_id);


--
-- Name: api_rating_user_id_item_id_cef74966_idx; Type: INDEX; Schema: public; Owner: postgresuser
--

CREATE INDEX api_rating_user_id_item_id_cef74966_idx ON public.api_rating USING btree (user_id, item_id);


--
-- Name: api_recipe_user_id_500e520a; Type: INDEX; Schema: public; Owner: postgresuser
--

CREATE INDEX api_recipe_user_id_500e520a ON public.api_recipe USING btree (user_id);


--
-- Name: auth_group_name_a6ea08ec_like; Type: INDEX; Schema: public; Owner: postgresuser
--

CREATE INDEX auth_group_name_a6ea08ec_like ON public.auth_group USING btree (name varchar_pattern_ops);


--
-- Name: auth_group_permissions_group_id_b120cbf9; Type: INDEX; Schema: public; Owner: postgresuser
--

CREATE INDEX auth_group_permissions_group_id_b120cbf9 ON public.auth_group_permissions USING btree (group_id);


--
-- Name: auth_group_permissions_permission_id_84c5c92e; Type: INDEX; Schema: public; Owner: postgresuser
--

CREATE INDEX auth_group_permissions_permission_id_84c5c92e ON public.auth_group_permissions USING btree (permission_id);


--
-- Name: auth_permission_content_type_id_2f476e4b; Type: INDEX; Schema: public; Owner: postgresuser
--

CREATE INDEX auth_permission_content_type_id_2f476e4b ON public.auth_permission USING btree (content_type_id);


--
-- Name: authtoken_token_key_10f0b77e_like; Type: INDEX; Schema: public; Owner: postgresuser
--

CREATE INDEX authtoken_token_key_10f0b77e_like ON public.authtoken_token USING btree (key varchar_pattern_ops);


--
-- Name: django_admin_log_content_type_id_c4bce8eb; Type: INDEX; Schema: public; Owner: postgresuser
--

CREATE INDEX django_admin_log_content_type_id_c4bce8eb ON public.django_admin_log USING btree (content_type_id);


--
-- Name: django_admin_log_user_id_c564eba6; Type: INDEX; Schema: public; Owner: postgresuser
--

CREATE INDEX django_admin_log_user_id_c564eba6 ON public.django_admin_log USING btree (user_id);


--
-- Name: django_session_expire_date_a5c62663; Type: INDEX; Schema: public; Owner: postgresuser
--

CREATE INDEX django_session_expire_date_a5c62663 ON public.django_session USING btree (expire_date);


--
-- Name: django_session_session_key_c0390e0f_like; Type: INDEX; Schema: public; Owner: postgresuser
--

CREATE INDEX django_session_session_key_c0390e0f_like ON public.django_session USING btree (session_key varchar_pattern_ops);


--
-- Name: api_address api_address_user_id_19458536_fk_api_customusermodel_id; Type: FK CONSTRAINT; Schema: public; Owner: postgresuser
--

ALTER TABLE ONLY public.api_address
    ADD CONSTRAINT api_address_user_id_19458536_fk_api_customusermodel_id FOREIGN KEY (user_id) REFERENCES public.api_customusermodel(id) DEFERRABLE INITIALLY DEFERRED;


--
-- Name: api_cart api_cart_user_id_79972181_fk_api_customusermodel_id; Type: FK CONSTRAINT; Schema: public; Owner: postgresuser
--

ALTER TABLE ONLY public.api_cart
    ADD CONSTRAINT api_cart_user_id_79972181_fk_api_customusermodel_id FOREIGN KEY (user_id) REFERENCES public.api_customusermodel(id) DEFERRABLE INITIALLY DEFERRED;


--
-- Name: api_customusermodel_user_permissions api_customusermodel__customusermodel_id_25fe4e78_fk_api_custo; Type: FK CONSTRAINT; Schema: public; Owner: postgresuser
--

ALTER TABLE ONLY public.api_customusermodel_user_permissions
    ADD CONSTRAINT api_customusermodel__customusermodel_id_25fe4e78_fk_api_custo FOREIGN KEY (customusermodel_id) REFERENCES public.api_customusermodel(id) DEFERRABLE INITIALLY DEFERRED;


--
-- Name: api_customusermodel_groups api_customusermodel__customusermodel_id_39b7a671_fk_api_custo; Type: FK CONSTRAINT; Schema: public; Owner: postgresuser
--

ALTER TABLE ONLY public.api_customusermodel_groups
    ADD CONSTRAINT api_customusermodel__customusermodel_id_39b7a671_fk_api_custo FOREIGN KEY (customusermodel_id) REFERENCES public.api_customusermodel(id) DEFERRABLE INITIALLY DEFERRED;


--
-- Name: api_customusermodel_user_permissions api_customusermodel__permission_id_a1cd7fe2_fk_auth_perm; Type: FK CONSTRAINT; Schema: public; Owner: postgresuser
--

ALTER TABLE ONLY public.api_customusermodel_user_permissions
    ADD CONSTRAINT api_customusermodel__permission_id_a1cd7fe2_fk_auth_perm FOREIGN KEY (permission_id) REFERENCES public.auth_permission(id) DEFERRABLE INITIALLY DEFERRED;


--
-- Name: api_customusermodel_groups api_customusermodel_groups_group_id_f42b31c1_fk_auth_group_id; Type: FK CONSTRAINT; Schema: public; Owner: postgresuser
--

ALTER TABLE ONLY public.api_customusermodel_groups
    ADD CONSTRAINT api_customusermodel_groups_group_id_f42b31c1_fk_auth_group_id FOREIGN KEY (group_id) REFERENCES public.auth_group(id) DEFERRABLE INITIALLY DEFERRED;


--
-- Name: api_deliveryaddressid api_deliveryaddressi_user_id_70563e42_fk_api_custo; Type: FK CONSTRAINT; Schema: public; Owner: postgresuser
--

ALTER TABLE ONLY public.api_deliveryaddressid
    ADD CONSTRAINT api_deliveryaddressi_user_id_70563e42_fk_api_custo FOREIGN KEY (user_id) REFERENCES public.api_customusermodel(id) DEFERRABLE INITIALLY DEFERRED;


--
-- Name: api_detailsimage api_detailsimage_item_id_0648f960_fk_api_storeitem_id; Type: FK CONSTRAINT; Schema: public; Owner: postgresuser
--

ALTER TABLE ONLY public.api_detailsimage
    ADD CONSTRAINT api_detailsimage_item_id_0648f960_fk_api_storeitem_id FOREIGN KEY (item_id) REFERENCES public.api_storeitem(id) DEFERRABLE INITIALLY DEFERRED;


--
-- Name: api_itemsdata api_itemsdata_user_id_492a0c47_fk_api_customusermodel_id; Type: FK CONSTRAINT; Schema: public; Owner: postgresuser
--

ALTER TABLE ONLY public.api_itemsdata
    ADD CONSTRAINT api_itemsdata_user_id_492a0c47_fk_api_customusermodel_id FOREIGN KEY (user_id) REFERENCES public.api_customusermodel(id) DEFERRABLE INITIALLY DEFERRED;


--
-- Name: api_order_ordereditem api_order_ordereditem_itemsdata_id_34cd69e0_fk_api_itemsdata_id; Type: FK CONSTRAINT; Schema: public; Owner: postgresuser
--

ALTER TABLE ONLY public.api_order_ordereditem
    ADD CONSTRAINT api_order_ordereditem_itemsdata_id_34cd69e0_fk_api_itemsdata_id FOREIGN KEY (itemsdata_id) REFERENCES public.api_itemsdata(id) DEFERRABLE INITIALLY DEFERRED;


--
-- Name: api_order_ordereditem api_order_ordereditem_order_id_e04bb445_fk_api_order_id; Type: FK CONSTRAINT; Schema: public; Owner: postgresuser
--

ALTER TABLE ONLY public.api_order_ordereditem
    ADD CONSTRAINT api_order_ordereditem_order_id_e04bb445_fk_api_order_id FOREIGN KEY (order_id) REFERENCES public.api_order(id) DEFERRABLE INITIALLY DEFERRED;


--
-- Name: api_order api_order_user_id_52781ff0_fk_api_customusermodel_id; Type: FK CONSTRAINT; Schema: public; Owner: postgresuser
--

ALTER TABLE ONLY public.api_order
    ADD CONSTRAINT api_order_user_id_52781ff0_fk_api_customusermodel_id FOREIGN KEY (user_id) REFERENCES public.api_customusermodel(id) DEFERRABLE INITIALLY DEFERRED;


--
-- Name: api_previousorder_ordereditem api_previousorder_or_itemsdata_id_f75984ba_fk_api_items; Type: FK CONSTRAINT; Schema: public; Owner: postgresuser
--

ALTER TABLE ONLY public.api_previousorder_ordereditem
    ADD CONSTRAINT api_previousorder_or_itemsdata_id_f75984ba_fk_api_items FOREIGN KEY (itemsdata_id) REFERENCES public.api_itemsdata(id) DEFERRABLE INITIALLY DEFERRED;


--
-- Name: api_previousorder_ordereditem api_previousorder_or_previousorder_id_db98561a_fk_api_previ; Type: FK CONSTRAINT; Schema: public; Owner: postgresuser
--

ALTER TABLE ONLY public.api_previousorder_ordereditem
    ADD CONSTRAINT api_previousorder_or_previousorder_id_db98561a_fk_api_previ FOREIGN KEY (previousorder_id) REFERENCES public.api_previousorder(id) DEFERRABLE INITIALLY DEFERRED;


--
-- Name: api_previousorder api_previousorder_user_id_31b3daa9_fk_api_customusermodel_id; Type: FK CONSTRAINT; Schema: public; Owner: postgresuser
--

ALTER TABLE ONLY public.api_previousorder
    ADD CONSTRAINT api_previousorder_user_id_31b3daa9_fk_api_customusermodel_id FOREIGN KEY (user_id) REFERENCES public.api_customusermodel(id) DEFERRABLE INITIALLY DEFERRED;


--
-- Name: api_pushnotificationstoken api_pushnotification_user_id_7ec74550_fk_api_custo; Type: FK CONSTRAINT; Schema: public; Owner: postgresuser
--

ALTER TABLE ONLY public.api_pushnotificationstoken
    ADD CONSTRAINT api_pushnotification_user_id_7ec74550_fk_api_custo FOREIGN KEY (user_id) REFERENCES public.api_customusermodel(id) DEFERRABLE INITIALLY DEFERRED;


--
-- Name: api_rating api_rating_item_id_71dd8621_fk_api_storeitem_id; Type: FK CONSTRAINT; Schema: public; Owner: postgresuser
--

ALTER TABLE ONLY public.api_rating
    ADD CONSTRAINT api_rating_item_id_71dd8621_fk_api_storeitem_id FOREIGN KEY (item_id) REFERENCES public.api_storeitem(id) DEFERRABLE INITIALLY DEFERRED;


--
-- Name: api_rating api_rating_user_id_3968cfe8_fk_api_customusermodel_id; Type: FK CONSTRAINT; Schema: public; Owner: postgresuser
--

ALTER TABLE ONLY public.api_rating
    ADD CONSTRAINT api_rating_user_id_3968cfe8_fk_api_customusermodel_id FOREIGN KEY (user_id) REFERENCES public.api_customusermodel(id) DEFERRABLE INITIALLY DEFERRED;


--
-- Name: api_recipe api_recipe_user_id_500e520a_fk_api_customusermodel_id; Type: FK CONSTRAINT; Schema: public; Owner: postgresuser
--

ALTER TABLE ONLY public.api_recipe
    ADD CONSTRAINT api_recipe_user_id_500e520a_fk_api_customusermodel_id FOREIGN KEY (user_id) REFERENCES public.api_customusermodel(id) DEFERRABLE INITIALLY DEFERRED;


--
-- Name: auth_group_permissions auth_group_permissio_permission_id_84c5c92e_fk_auth_perm; Type: FK CONSTRAINT; Schema: public; Owner: postgresuser
--

ALTER TABLE ONLY public.auth_group_permissions
    ADD CONSTRAINT auth_group_permissio_permission_id_84c5c92e_fk_auth_perm FOREIGN KEY (permission_id) REFERENCES public.auth_permission(id) DEFERRABLE INITIALLY DEFERRED;


--
-- Name: auth_group_permissions auth_group_permissions_group_id_b120cbf9_fk_auth_group_id; Type: FK CONSTRAINT; Schema: public; Owner: postgresuser
--

ALTER TABLE ONLY public.auth_group_permissions
    ADD CONSTRAINT auth_group_permissions_group_id_b120cbf9_fk_auth_group_id FOREIGN KEY (group_id) REFERENCES public.auth_group(id) DEFERRABLE INITIALLY DEFERRED;


--
-- Name: auth_permission auth_permission_content_type_id_2f476e4b_fk_django_co; Type: FK CONSTRAINT; Schema: public; Owner: postgresuser
--

ALTER TABLE ONLY public.auth_permission
    ADD CONSTRAINT auth_permission_content_type_id_2f476e4b_fk_django_co FOREIGN KEY (content_type_id) REFERENCES public.django_content_type(id) DEFERRABLE INITIALLY DEFERRED;


--
-- Name: authtoken_token authtoken_token_user_id_35299eff_fk_api_customusermodel_id; Type: FK CONSTRAINT; Schema: public; Owner: postgresuser
--

ALTER TABLE ONLY public.authtoken_token
    ADD CONSTRAINT authtoken_token_user_id_35299eff_fk_api_customusermodel_id FOREIGN KEY (user_id) REFERENCES public.api_customusermodel(id) DEFERRABLE INITIALLY DEFERRED;


--
-- Name: django_admin_log django_admin_log_content_type_id_c4bce8eb_fk_django_co; Type: FK CONSTRAINT; Schema: public; Owner: postgresuser
--

ALTER TABLE ONLY public.django_admin_log
    ADD CONSTRAINT django_admin_log_content_type_id_c4bce8eb_fk_django_co FOREIGN KEY (content_type_id) REFERENCES public.django_content_type(id) DEFERRABLE INITIALLY DEFERRED;


--
-- Name: django_admin_log django_admin_log_user_id_c564eba6_fk_api_customusermodel_id; Type: FK CONSTRAINT; Schema: public; Owner: postgresuser
--

ALTER TABLE ONLY public.django_admin_log
    ADD CONSTRAINT django_admin_log_user_id_c564eba6_fk_api_customusermodel_id FOREIGN KEY (user_id) REFERENCES public.api_customusermodel(id) DEFERRABLE INITIALLY DEFERRED;


--
-- PostgreSQL database dump complete
--

